Article,Similar Article
1,95
1,30
1,93
2,31
2,1737
2,291
3,17
3,4
3,1649
4,3
4,17
4,1649
5,1724
5,1960
5,156
6,563
6,159
6,544
7,392
7,31
7,490
8,60
8,192
8,41
9,60
9,61
9,11
10,529
10,116
10,208
11,61
11,9
11,391
12,234
12,233
12,735
13,1
13,1
13,1
14,1567
14,438
14,735
15,523
15,391
15,563
16,1978
16,1085
16,1398
17,399
17,3
17,1649
18,847
18,1592
18,490
19,1255
19,593
19,166
20,693
20,21
20,1102
21,20
21,693
21,1772
22,22
22,1742
22,1882
23,37
23,93
23,94
24,98
24,527
24,928
25,232
25,131
25,1038
26,232
26,100
26,467
27,26
27,100
27,467
28,30
28,1876
28,105
29,1743
29,1699
29,106
30,869
30,475
30,1723
31,123
31,2
31,520
32,1178
32,1592
32,377
33,544
33,135
33,139
34,1819
34,1457
34,775
35,178
35,1105
35,734
36,183
36,852
36,1893
37,93
37,23
37,95
38,861
38,211
38,848
39,1748
39,1575
39,461
40,861
40,1730
40,1731
41,1731
41,421
41,40
42,847
42,861
42,848
43,215
43,717
43,1613
44,232
44,26
44,522
45,1072
45,675
45,1827
46,117
46,1682
46,480
47,1038
47,474
47,464
48,54
48,192
48,461
49,1038
49,415
49,464
50,54
50,1578
50,1576
51,52
51,1582
51,754
52,1582
52,51
52,1587
53,22
53,1742
53,1882
54,1876
54,30
54,116
55,1564
55,65
55,1186
56,266
56,260
56,1239
57,74
57,650
57,282
58,1904
58,803
58,1618
59,1570
59,266
59,1536
60,291
60,192
60,528
61,11
61,9
61,291
62,365
62,355
62,1898
63,64
63,232
63,1038
64,63
64,1038
64,1041
65,291
65,60
65,192
66,208
66,1603
66,847
67,745
67,671
67,1814
68,1832
68,315
68,704
69,224
69,331
69,1950
70,1151
70,43
70,215
71,439
71,348
71,619
72,74
72,73
72,650
73,72
73,650
73,74
74,282
74,650
74,57
75,1563
75,951
75,952
76,1038
76,527
76,928
77,1877
77,525
77,1739
78,741
78,1033
78,1615
79,404
79,891
79,895
80,81
80,788
80,1186
81,80
81,1142
81,1211
82,490
82,38
82,18
83,1781
83,664
83,7
84,512
84,671
84,155
85,263
85,1480
85,156
86,1648
86,1650
86,1649
87,1202
87,1722
87,88
88,87
88,1178
88,563
89,41
89,392
89,391
90,930
90,1600
90,620
91,410
91,96
91,93
92,110
92,1646
92,1638
93,97
93,399
93,467
94,1258
94,232
94,1038
95,93
95,97
95,37
96,93
96,94
96,232
97,93
97,1650
97,467
98,24
98,517
98,486
99,452
99,1708
99,289
100,467
100,101
100,26
101,100
101,467
101,1708
102,30
102,28
102,869
103,457
103,113
103,1649
104,460
104,459
104,1654
105,28
105,112
105,475
106,109
106,1743
106,460
107,289
107,109
107,457
108,109
108,436
108,435
109,457
109,460
109,106
110,92
110,1646
110,1638
111,859
111,712
111,1356
112,113
112,1674
112,1889
113,112
113,457
113,1765
114,1683
114,1885
114,1645
115,117
115,1629
115,1627
116,28
116,1876
116,1051
117,115
117,1628
117,1891
118,826
118,197
118,712
119,593
119,1954
119,1781
120,123
120,1049
120,31
121,26
121,1
121,128
122,451
122,232
122,457
123,31
123,120
123,390
124,932
124,754
124,490
125,1735
125,1578
125,1729
126,1915
126,52
126,1918
127,1578
127,1576
127,1735
128,1695
128,867
128,1
129,1735
129,1242
129,1582
130,1592
130,125
130,1442
131,524
131,399
131,25
132,30
132,1573
132,1711
133,30
133,461
133,60
134,195
134,1721
134,457
135,567
135,665
135,576
136,1809
136,1220
136,546
137,135
137,984
137,677
138,1992
138,1814
138,14
139,573
139,576
139,33
140,135
140,1814
140,581
141,277
141,1437
141,219
142,633
142,173
142,1572
143,611
143,921
143,750
144,1919
144,802
144,1987
145,665
145,135
145,576
146,534
146,648
146,728
147,1814
147,1815
147,498
148,1445
148,1481
148,959
149,1936
149,1494
149,814
150,1139
150,1170
150,1372
151,807
151,1994
151,1996
152,706
152,993
152,1815
153,1775
153,1132
153,388
154,587
154,585
154,1814
155,818
155,512
155,1372
156,1814
156,681
156,154
157,1120
157,1519
157,962
158,551
158,511
158,654
159,1616
159,1916
159,1375
160,676
160,1814
160,914
161,737
161,746
161,736
162,670
162,1601
162,389
163,756
163,757
163,761
164,1
164,1
164,1
165,170
165,168
165,1139
166,731
166,1944
166,1022
167,801
167,981
167,782
168,165
168,206
168,1250
169,1385
169,531
169,440
170,165
170,624
170,771
171,812
171,1926
171,597
172,1901
172,677
172,1183
173,802
173,2003
173,1987
174,638
174,1940
174,283
175,1366
175,565
175,772
176,1356
176,1396
176,807
177,77
177,992
177,1488
178,35
178,1105
178,734
179,873
179,1722
179,231
180,183
180,2
180,1764
181,189
181,188
181,1923
182,852
182,402
182,394
183,846
183,543
183,859
184,1575
184,1894
184,1782
185,845
185,180
185,1987
186,39
186,1601
186,208
187,189
187,930
187,927
188,189
188,181
188,849
189,188
189,181
189,187
190,40
190,730
190,1703
191,1731
191,192
191,461
192,1893
192,1715
192,527
193,1847
193,1895
193,517
194,480
194,425
194,399
195,1674
195,113
195,457
196,744
196,891
196,746
197,118
197,1228
197,826
198,1749
198,923
198,915
199,912
199,201
199,900
200,1930
200,925
200,1929
201,912
201,915
201,910
202,918
202,916
202,917
203,921
203,1814
203,914
204,910
204,1627
204,911
205,913
205,1929
205,1430
206,207
206,1246
206,51
207,206
207,1476
207,1600
208,425
208,1848
208,1892
209,926
209,210
209,211
210,211
210,209
210,926
211,210
211,861
211,40
212,30
212,868
212,1711
213,214
213,938
213,1823
214,213
214,1593
214,901
215,43
215,717
215,1613
216,43
216,717
216,829
217,218
217,956
217,675
218,955
218,217
218,1397
219,1814
219,1667
219,993
220,977
220,966
220,716
221,983
221,227
221,982
222,1572
222,738
222,1239
223,991
223,992
223,993
224,331
224,332
224,69
225,1764
225,1003
225,1971
226,640
226,1006
226,720
227,221
227,231
227,983
228,1667
228,1014
228,977
229,986
229,367
229,1013
230,1107
230,208
230,1786
231,227
231,1009
231,1010
232,1258
232,1038
232,26
233,234
233,1495
233,1023
234,233
234,445
234,1495
235,1690
235,232
235,44
236,467
236,1844
236,1761
237,467
237,232
237,451
238,232
238,467
238,457
239,26
239,1761
239,237
240,478
240,476
240,479
241,1069
241,563
241,1120
242,1120
242,997
242,1957
243,1945
243,661
243,1081
244,1067
244,1602
244,1065
245,1458
245,907
245,394
246,1596
246,1805
246,1867
247,1
247,1
247,1
248,253
248,1187
248,965
249,874
249,675
249,1013
250,1126
250,1130
250,255
251,52
251,1582
251,1610
252,377
252,1514
252,803
253,965
253,1187
253,248
254,250
254,1160
254,1126
255,250
255,1160
255,1126
256,1170
256,1139
256,482
257,365
257,1108
257,1211
258,360
258,1204
258,259
259,1202
259,966
259,258
260,1239
260,1227
260,62
261,1569
261,1213
261,262
262,1904
262,261
262,59
263,85
263,1767
263,978
264,382
264,374
264,74
265,1213
265,261
265,59
266,383
266,385
266,384
267,386
267,1569
267,72
268,1213
268,1565
268,387
269,365
269,1926
269,1211
270,1215
270,496
270,1811
271,274
271,273
271,895
272,921
272,1377
272,799
273,274
273,891
273,271
274,273
274,271
274,891
275,1281
275,1314
275,1437
276,495
276,1215
276,707
277,1240
277,1241
277,1437
278,1768
278,1819
278,365
279,280
279,1804
279,1734
280,279
280,387
280,365
281,385
281,383
281,384
282,74
282,383
282,1186
283,365
283,174
283,291
284,1653
284,1480
284,440
285,1247
285,1246
285,1252
286,291
286,365
286,282
287,457
287,480
287,399
288,290
288,1873
288,467
289,107
289,467
289,293
290,288
290,1874
290,1873
291,60
291,65
291,365
292,1847
292,1671
292,1675
293,289
293,1038
293,1258
294,1919
294,1374
294,899
295,1
295,1
295,1
296,1
296,1
296,1
297,1344
297,704
297,1832
298,1268
298,1344
298,704
299,316
299,364
299,300
300,1337
300,316
300,299
301,1
301,1
301,1
302,304
302,1321
302,1829
303,304
303,302
303,319
304,302
304,303
304,312
305,1288
305,1287
305,1285
306,1299
306,1287
306,1285
307,1
307,1
307,1
308,1
308,1
308,1
309,1347
309,510
309,1344
310,1368
310,313
310,1364
311,1331
311,1077
311,1330
312,509
312,1829
312,1293
313,1345
313,1364
313,1307
314,356
314,313
314,315
315,312
315,1272
315,1307
316,299
316,300
316,364
317,1369
317,300
317,133
318,1335
318,1853
318,1352
319,302
319,1277
319,1358
320,1364
320,361
320,313
321,1295
321,1364
321,315
322,1347
322,1362
322,1201
323,1
323,1
323,1
324,1
324,1
324,1
325,1397
325,1396
325,1399
326,1807
326,329
326,1863
327,419
327,328
327,1382
328,327
328,419
328,1382
329,330
329,997
329,1383
330,329
330,1764
330,1383
331,224
331,332
331,1235
332,1400
332,1402
332,224
333,989
333,1166
333,1410
334,1420
334,1413
334,1418
335,1418
335,334
335,1416
336,962
336,1559
336,1416
337,360
337,1435
337,1409
338,1309
338,1405
338,962
339,360
339,1359
339,208
340,619
340,1440
340,1995
341,1451
341,1615
341,1422
342,343
342,1028
342,1151
343,342
343,1028
343,1580
344,1470
344,1467
344,1471
345,1166
345,719
345,1141
346,1502
346,1044
346,1173
347,809
347,348
347,1552
348,619
348,1995
348,1580
349,405
349,623
349,943
350,773
350,1457
350,620
351,657
351,1932
351,826
352,1997
352,1993
352,819
353,352
353,626
353,1997
354,1484
354,1487
354,1486
355,62
355,1498
355,1814
356,314
356,68
356,311
357,1049
357,1046
357,103
358,935
358,1814
358,1013
359,1942
359,887
359,43
360,1188
360,1208
360,675
361,777
361,314
361,320
362,1535
362,1533
362,1785
363,286
363,365
363,291
364,299
364,282
364,379
365,291
365,1564
365,1566
366,1
366,1
366,1
367,376
367,1559
367,372
368,1554
368,1463
368,1557
369,962
369,1559
369,372
370,962
370,376
370,1559
371,1063
371,1418
371,376
372,972
372,376
372,367
373,970
373,1331
373,962
374,382
374,264
374,1564
375,376
375,367
375,372
376,367
376,1559
376,962
377,252
377,365
377,378
378,887
378,1942
378,377
379,74
379,364
379,72
380,381
380,1569
380,266
381,1545
381,1013
381,1544
382,374
382,264
382,1564
383,385
383,281
383,384
384,385
384,383
384,386
385,384
385,383
385,281
386,385
386,384
386,1569
387,1212
387,1566
387,268
388,1566
388,1564
388,268
389,288
389,1038
389,1687
390,1882
390,461
390,31
391,392
391,7
391,89
392,391
392,7
392,31
393,1890
393,697
393,511
394,1458
394,907
394,402
395,1592
395,543
395,1399
396,1575
396,39
396,1578
397,42
397,847
397,861
398,627
398,1798
398,625
399,531
399,928
399,486
400,1399
400,997
400,999
401,28
401,1
401,44
402,182
402,394
402,852
403,54
403,1793
403,1573
404,79
404,273
404,891
405,349
405,623
405,943
406,1580
406,607
406,622
407,1608
407,1607
407,408
408,1608
408,407
408,1606
409,1609
409,1814
409,914
410,91
410,93
410,17
411,1
411,1
411,1
412,1643
412,1642
412,1640
413,1638
413,415
413,1258
414,413
414,484
414,1637
415,413
415,928
415,489
416,1646
416,1635
416,1632
417,474
417,1638
417,531
418,1635
418,1632
418,1633
419,327
419,328
419,1382
420,1038
420,1258
420,928
421,41
421,1731
421,208
422,1671
422,98
422,517
423,399
423,468
423,486
424,1649
424,1650
424,113
425,1671
425,1678
425,1873
426,1260
426,46
426,424
427,1682
427,517
427,467
428,1573
428,30
428,1714
429,862
429,457
429,399
430,467
430,480
430,425
431,531
431,489
431,486
432,112
432,1721
432,433
433,1650
433,1688
433,112
434,28
434,1876
434,105
435,1699
435,433
435,108
436,1690
436,1674
436,1496
437,480
437,457
437,451
438,193
438,1895
438,525
439,1995
439,619
439,1580
440,1480
440,624
440,1437
441,1957
441,1704
441,83
442,1540
442,489
442,431
443,1443
443,1995
443,619
444,1950
444,229
444,1269
445,233
445,234
445,1495
446,1026
446,447
446,1001
447,446
447,1032
447,1025
448,449
448,1085
448,782
449,448
449,1397
449,1393
450,451
450,1185
450,292
451,452
451,467
451,457
452,1708
452,451
452,1604
453,454
453,455
453,342
454,453
454,455
454,1143
455,453
455,454
455,1596
456,212
456,31
456,1715
457,1650
457,1649
457,451
458,457
458,459
458,1649
459,460
459,104
459,458
460,104
460,459
460,109
461,192
461,1879
461,60
462,1759
462,795
462,392
463,525
463,98
463,1716
464,1038
464,486
464,1718
465,232
465,431
465,464
466,113
466,112
466,476
467,1671
467,1873
467,1675
468,531
468,928
468,530
469,112
469,470
469,113
470,1671
470,469
470,1728
471,457
471,109
471,195
472,1728
472,1873
472,525
473,1
473,1
473,1
474,486
474,1671
474,528
475,30
475,869
475,467
476,478
476,466
476,477
477,478
477,476
477,457
478,476
478,240
478,477
479,478
479,476
479,240
480,1185
480,399
480,1671
481,1671
481,1675
481,1678
482,1785
482,256
482,1170
483,1166
483,1174
483,1784
484,1637
484,425
484,1643
485,1375
485,1667
485,228
486,531
486,527
486,928
487,1674
487,1671
487,1675
488,93
488,1649
488,523
489,531
489,527
489,486
490,18
490,404
490,7
491,847
491,1731
491,41
492,717
492,43
492,1613
493,208
493,621
493,350
494,506
494,1431
494,1364
495,1215
495,276
495,707
496,270
496,1582
496,721
497,1924
497,1994
497,596
498,147
498,880
498,955
499,877
499,752
499,1311
500,1580
500,348
500,1365
501,499
501,1178
501,671
502,1619
502,1992
502,1003
503,851
503,1353
503,1239
504,846
504,421
504,932
505,486
505,425
505,1715
506,1031
506,610
506,494
507,553
507,43
507,829
508,1457
508,712
508,1805
509,312
509,1321
509,1829
510,1344
510,704
510,1325
511,513
511,512
511,581
512,513
512,818
512,155
513,512
513,511
513,155
514,287
514,480
514,437
515,1674
515,1886
515,30
516,116
516,28
516,1748
517,1732
517,98
517,1671
518,182
518,1863
518,852
519,42
519,847
519,848
520,31
520,291
520,2
521,252
521,1514
521,548
522,525
522,524
522,131
523,131
523,526
523,93
524,131
524,522
524,525
525,522
525,1577
525,1792
526,131
526,523
526,287
527,1718
527,486
527,528
528,527
528,486
528,1038
529,486
529,527
529,530
530,468
530,531
530,928
531,486
531,489
531,468
532,525
532,1792
532,1577
533,604
533,651
533,511
534,665
534,1809
534,1899
535,785
535,643
535,675
536,313
536,1308
536,1074
537,569
537,135
537,720
538,653
538,1914
538,631
539,1814
539,1907
539,1396
540,1518
540,609
540,1524
541,787
541,1814
541,1498
542,650
542,652
542,74
543,395
543,1452
543,183
544,33
544,135
544,890
545,945
545,730
545,729
546,923
546,910
546,615
547,1995
547,1033
547,619
548,1733
548,600
548,1994
549,1947
549,1943
549,1945
550,1947
550,1943
550,665
551,1814
551,158
551,654
552,895
552,273
552,891
553,507
553,1376
553,1613
554,1964
554,904
554,891
555,1385
555,348
555,1995
556,1976
556,921
556,1311
557,1960
557,1962
557,1972
558,1987
558,1432
558,560
559,1987
559,2000
559,2003
560,1987
560,2003
560,1580
561,155
561,1950
561,788
562,2000
562,1989
562,1999
563,1178
563,1069
563,930
564,614
564,553
564,1899
565,1489
565,1815
565,985
566,1809
566,576
566,653
567,135
567,1748
567,39
568,946
568,942
568,944
569,576
569,937
569,135
570,640
570,1776
570,654
571,1774
571,1383
571,222
572,631
572,538
572,576
573,139
573,135
573,576
574,1809
574,636
574,219
575,911
575,671
575,1234
576,630
576,569
576,566
577,969
577,343
577,1996
578,43
578,717
578,910
579,653
579,1978
579,651
580,1763
580,1513
580,1445
581,513
581,653
581,1816
582,814
582,1936
582,581
583,1489
583,1903
583,565
584,1053
584,573
584,781
585,1085
585,154
585,607
586,738
586,633
586,737
587,154
587,585
587,156
588,993
588,1342
588,147
589,1511
589,625
589,611
590,1035
590,718
590,612
591,769
591,348
591,1440
592,596
592,1032
592,718
593,1954
593,119
593,627
594,595
594,596
594,1031
595,594
595,596
595,773
596,1032
596,594
596,1994
597,1428
597,620
597,350
598,1479
598,823
598,1173
599,611
599,1996
599,1457
600,1996
600,548
600,860
601,824
601,765
601,1513
602,681
602,31
602,800
603,1034
603,350
603,1751
604,533
604,877
604,662
605,1853
605,1807
605,1135
606,1993
606,819
606,1997
607,585
607,448
607,563
608,1216
608,1033
608,1997
609,1518
609,1531
609,540
610,1936
610,559
610,627
611,816
611,1941
611,612
612,1428
612,350
612,611
613,753
613,1763
613,560
614,756
614,927
614,564
615,546
615,205
615,910
616,1596
616,625
616,627
617,929
617,607
617,1172
618,994
618,1320
618,1926
619,1995
619,1994
619,1033
620,350
620,773
620,1428
621,1034
621,350
621,813
622,1778
622,1216
622,818
623,349
623,405
623,943
624,440
624,1480
624,1437
625,1596
625,1456
625,1457
626,352
626,1993
626,819
627,1596
627,593
627,616
628,1941
628,611
628,816
629,350
629,1926
629,1596
630,576
630,566
630,569
631,538
631,572
631,1914
632,640
632,570
632,955
633,1796
633,142
633,586
634,561
634,625
634,1950
635,659
635,662
635,1981
636,1178
636,563
636,930
637,1430
637,205
637,1226
638,174
638,1174
638,1940
639,1960
639,643
639,803
640,570
640,632
640,654
641,644
641,643
641,645
642,644
642,641
642,665
643,641
643,1116
643,646
644,641
644,642
644,645
645,647
645,641
645,646
646,647
646,645
646,641
647,646
647,645
647,641
648,1796
648,1390
648,654
649,640
649,654
649,632
650,652
650,655
650,74
651,533
651,720
651,551
652,654
652,650
652,74
653,538
653,1776
653,1914
654,652
654,1776
654,650
655,650
655,74
655,652
656,1482
656,1990
656,511
657,1946
657,351
657,1250
658,659
658,662
658,1527
659,662
659,658
659,937
660,1989
660,1987
660,802
661,1489
661,563
661,847
662,659
662,1985
662,658
663,1967
663,914
663,1814
664,757
664,756
664,163
665,890
665,145
665,1809
666,667
666,124
666,1289
667,877
667,659
667,666
668,1223
668,669
668,671
669,911
669,668
669,671
670,162
670,1601
670,958
671,911
671,575
671,84
672,777
672,1814
672,1336
673,937
673,1398
673,367
674,12
674,1238
674,904
675,962
675,1814
675,1772
676,1814
676,160
676,207
677,1901
677,800
677,920
678,677
678,154
678,679
679,924
679,678
679,988
680,797
680,681
680,677
681,800
681,680
681,156
682,799
682,1620
682,798
683,684
683,796
683,800
684,796
684,683
684,795
685,887
685,876
685,1942
686,798
686,1618
686,1616
687,1502
687,688
687,1141
688,1595
688,1408
688,1307
689,1299
689,306
689,1285
690,1108
690,482
690,1109
691,321
691,1064
691,1358
692,115
692,1649
692,4
693,20
693,21
693,978
694,1596
694,1456
694,625
695,1447
695,1617
695,1433
696,860
696,1995
696,619
697,785
697,786
697,154
698,699
698,1430
698,1600
699,698
699,391
699,306
700,1835
700,1821
700,1526
701,1618
701,1410
701,675
702,1580
702,1772
702,1033
703,800
703,1814
703,683
704,1270
704,510
704,1344
705,1345
705,298
705,510
706,152
706,1311
706,1342
707,962
707,1412
707,1375
708,1918
708,719
708,39
709,313
709,1356
709,921
710,826
710,118
710,576
711,1202
711,1175
711,1123
712,826
712,118
712,1228
713,1166
713,675
713,255
714,813
714,1212
714,1478
715,1534
715,934
715,1489
716,376
716,43
716,717
717,43
717,215
717,1613
718,1798
718,590
718,1994
719,219
719,1814
719,708
720,653
720,513
720,581
721,1516
721,1069
721,752
722,1914
722,727
722,654
723,725
723,1261
723,1541
724,1905
724,1115
724,1908
725,723
725,298
725,726
726,723
726,725
726,902
727,650
727,655
727,1899
728,1376
728,154
728,1976
729,545
729,730
729,190
730,1703
730,190
730,545
731,1034
731,350
731,1457
732,1926
732,779
732,171
733,1596
733,694
733,1456
734,367
734,35
734,1908
735,1784
735,1592
735,930
736,161
736,746
736,737
737,746
737,743
737,741
738,739
738,586
738,161
739,738
739,1820
739,746
740,746
740,745
740,737
741,737
741,746
741,743
742,744
742,891
742,118
743,737
743,746
743,741
744,891
744,746
744,196
745,746
745,737
745,741
746,744
746,737
746,743
747,737
747,746
747,743
748,1376
748,883
748,888
749,929
749,771
749,714
750,753
750,751
750,51
751,750
751,1582
751,752
752,51
752,753
752,1582
753,752
753,51
753,1582
754,51
754,1582
754,52
755,1932
755,761
755,1250
756,163
756,757
756,761
757,163
757,756
757,761
758,766
758,2004
758,935
759,763
759,768
759,767
760,761
760,756
760,766
761,768
761,756
761,762
762,761
762,1165
762,766
763,759
763,768
763,767
764,765
764,761
764,1165
765,764
765,761
765,768
766,761
766,768
766,758
767,768
767,761
767,759
768,761
768,767
768,759
769,591
769,1457
769,348
770,1948
770,171
770,812
771,773
771,165
771,620
772,2001
772,578
772,1091
773,350
773,1428
773,813
774,1428
774,165
774,350
775,350
775,773
775,1504
776,1997
776,1994
776,561
777,1814
777,1503
777,914
778,1996
778,1457
778,619
779,732
779,1480
779,1090
780,1376
780,1814
780,1498
781,813
781,1428
781,778
782,1115
782,448
782,1485
783,1814
783,800
783,881
784,551
784,898
784,1441
785,697
785,786
785,535
786,697
786,785
786,677
787,541
787,1376
787,1013
788,561
788,155
788,752
789,43
789,215
789,1375
790,1814
790,914
790,203
791,746
791,744
791,737
792,793
792,677
792,651
793,792
793,677
793,651
794,921
794,989
794,360
795,684
795,796
795,462
796,684
796,683
796,800
797,680
797,800
797,684
798,1621
798,1620
798,686
799,1596
799,682
799,298
800,681
800,677
800,796
801,167
801,981
801,585
802,804
802,2003
802,173
803,1944
803,58
803,252
804,802
804,173
804,752
805,996
805,1580
805,1250
806,1034
806,350
806,356
807,340
807,1440
807,151
808,1995
808,619
808,1033
809,347
809,1996
809,1553
810,806
810,619
810,340
811,807
811,1772
811,778
812,1580
812,1996
812,1457
813,714
813,773
813,1428
814,1932
814,1250
814,350
815,1250
815,1932
815,1090
816,1941
816,611
816,1996
817,612
817,969
817,771
818,155
818,512
818,513
819,1997
819,619
819,1993
820,1299
820,773
820,813
821,1035
821,1317
821,1036
822,596
822,1032
822,350
823,813
823,1428
823,1479
824,611
824,548
824,771
825,1442
825,860
825,130
826,118
826,712
826,197
827,1281
827,1996
827,1596
828,625
828,1456
828,733
829,1719
829,43
829,1613
830,948
830,1571
830,1454
831,1061
831,921
831,948
832,1529
832,245
832,1657
833,627
833,1090
833,709
834,813
834,831
834,548
835,1
835,1
835,1
836,1506
836,1454
836,1243
837,836
837,1151
837,1243
838,1356
838,1342
838,1163
839,343
839,1151
839,637
840,1141
840,731
840,1994
841,1
841,1
841,1
842,1827
842,1362
842,1306
843,1
843,1
843,1
844,543
844,845
844,395
845,1176
845,185
845,43
846,1600
846,208
846,183
847,42
847,40
847,861
848,861
848,847
848,38
849,188
849,851
849,731
850,1615
850,1410
850,1879
851,181
851,506
851,1141
852,182
852,859
852,402
853,930
853,1603
853,1600
854,1
854,1
854,1
855,937
855,861
855,40
856,2
856,953
856,1656
857,861
857,1893
857,859
858,859
858,1893
858,857
859,858
859,1893
859,857
860,1995
860,1592
860,696
861,40
861,857
861,42
862,429
862,430
862,17
863,113
863,195
863,1674
864,195
864,865
864,1674
865,195
865,864
865,113
866,867
866,868
866,872
867,525
867,527
867,928
868,869
868,525
868,30
869,30
869,872
869,1674
870,869
870,1711
870,872
871,869
871,30
871,28
872,869
872,1674
872,467
873,451
873,399
873,457
874,249
874,1399
874,1667
875,1814
875,1393
875,883
876,685
876,746
876,196
877,1972
877,1311
877,1814
878,1928
878,1980
878,1545
879,1394
879,815
879,1005
880,498
880,803
880,935
881,955
881,627
881,960
882,782
882,1235
882,1365
883,1814
883,877
883,748
884,1866
884,1120
884,1311
885,891
885,744
885,895
886,986
886,1814
886,229
887,1942
887,685
887,378
888,748
888,1342
888,882
889,1510
889,1985
889,154
890,665
890,642
890,1814
891,273
891,895
891,744
892,891
892,273
892,895
893,891
893,894
893,273
894,893
894,273
894,552
895,891
895,273
895,552
896,1945
896,1943
896,1938
897,1811
897,546
897,899
898,1903
898,913
898,513
899,1811
899,1903
899,513
900,1930
900,910
900,513
901,214
901,1593
901,934
902,897
902,723
902,578
903,1439
903,340
903,1432
904,1964
904,554
904,273
905,910
905,1930
905,900
906,1250
906,1338
906,449
907,1713
907,394
907,1458
908,910
908,1342
908,1518
909,999
909,910
909,200
910,1930
910,915
910,900
911,913
911,575
911,671
912,201
912,199
912,915
913,1929
913,205
913,1930
914,1814
914,993
914,1815
915,1930
915,910
915,201
916,202
916,918
916,917
917,918
917,202
917,916
918,917
918,202
918,932
919,957
919,955
919,218
920,1901
920,677
920,1181
921,203
921,556
921,1311
922,1725
922,1751
922,348
923,1930
923,915
923,546
924,679
924,910
924,1930
925,200
925,1930
925,913
926,209
926,210
926,211
927,1730
927,40
927,1600
928,486
928,527
928,1038
929,1601
929,1236
929,617
930,1600
930,563
930,853
931,930
931,1603
931,853
932,918
932,209
932,202
933,877
933,675
933,1311
934,1786
934,1534
934,985
935,955
935,516
935,758
936,1538
936,1537
936,964
937,891
937,569
937,228
938,215
938,1532
938,1785
939,925
939,510
939,1345
940,829
940,135
940,1123
941,1901
941,677
941,920
942,946
942,944
942,568
943,405
943,349
943,623
944,993
944,968
944,1814
945,947
945,545
945,1950
946,947
946,568
946,942
947,945
947,946
947,986
948,1356
948,898
948,43
949,573
949,1960
949,1455
950,1614
950,1013
950,1966
951,952
951,75
951,1044
952,951
952,75
952,1044
953,1530
953,856
953,1015
954,568
954,942
954,946
955,218
955,935
955,956
956,955
956,752
956,139
957,919
957,1906
957,1658
958,670
958,162
958,1757
959,148
959,717
959,962
960,881
960,1536
960,1581
961,1
961,1
961,1
962,1114
962,1559
962,376
963,1106
963,248
963,1193
964,1785
964,936
964,1533
965,1187
965,1144
965,1466
966,971
966,220
966,1359
967,993
967,991
967,367
968,993
968,944
968,1814
969,577
969,817
969,1224
970,652
970,650
970,373
971,966
971,962
971,373
972,372
972,367
972,376
973,291
973,675
973,1519
974,1514
974,1515
974,678
975,1118
975,978
975,1498
976,1328
976,752
976,1376
977,1413
977,228
977,962
978,1120
978,975
978,675
979,1010
979,980
979,1551
980,1010
980,1551
980,227
981,1010
981,1551
981,980
982,221
982,227
982,983
983,221
983,227
983,982
984,1396
984,994
984,1397
985,1549
985,1546
985,995
986,229
986,675
986,367
987,1408
987,1002
987,1559
988,1785
988,216
988,679
989,1166
989,333
989,794
990,1899
990,534
990,641
991,223
991,992
991,993
992,991
992,223
992,717
993,968
993,944
993,1815
994,1667
994,1396
994,367
995,1549
995,1546
995,985
996,805
996,376
996,1500
997,1383
997,329
997,980
998,449
998,1393
998,1399
999,909
999,1394
999,400
1000,1329
1000,1330
1000,1910
1001,446
1001,1027
1001,1026
1002,1393
1002,1725
1002,1764
1003,980
1003,227
1003,1010
1004,1003
1004,997
1004,980
1005,1006
1005,1250
1005,1394
1006,1005
1006,229
1006,986
1007,1
1007,1
1007,1
1008,1353
1008,792
1008,1988
1009,231
1009,1010
1009,227
1010,980
1010,1551
1010,227
1011,1470
1011,344
1011,1003
1012,980
1012,1052
1012,1813
1013,381
1013,229
1013,1545
1014,228
1014,1667
1014,400
1015,1545
1015,1667
1015,1544
1016,1545
1016,991
1016,1992
1017,1018
1017,1013
1017,855
1018,1017
1018,967
1018,1750
1019,1020
1019,978
1019,367
1020,1019
1020,611
1020,1428
1021,156
1021,1399
1021,1396
1022,1023
1022,1994
1022,166
1023,1024
1023,233
1023,1022
1024,1023
1024,1961
1024,1022
1025,1027
1025,1902
1025,1026
1026,1027
1026,1025
1026,1902
1027,1025
1027,1026
1027,1902
1028,343
1028,342
1028,1151
1029,1030
1029,448
1029,233
1030,1029
1030,1907
1030,448
1031,506
1031,1556
1031,1814
1032,596
1032,1033
1032,595
1033,619
1033,1995
1033,819
1034,350
1034,731
1034,611
1035,1036
1035,590
1035,1460
1036,1035
1036,1996
1036,1994
1037,1041
1037,517
1037,1675
1038,1258
1038,928
1038,464
1039,467
1039,451
1039,1648
1040,1038
1040,1258
1040,928
1041,1038
1041,928
1041,1718
1042,1889
1042,1682
1042,517
1043,1649
1043,1650
1043,457
1044,818
1044,1173
1044,951
1045,1049
1045,1046
1045,31
1046,1049
1046,1045
1046,4
1047,1045
1047,2
1047,31
1048,1790
1048,1049
1048,1648
1049,1046
1049,1045
1049,1039
1050,532
1050,292
1050,1681
1051,1876
1051,116
1051,434
1052,1534
1052,1012
1052,1456
1053,584
1053,1489
1053,985
1054,1072
1054,1363
1054,1814
1055,1
1055,1
1055,1
1056,1
1056,1
1056,1
1057,1
1057,1
1057,1
1058,1887
1058,440
1058,1653
1059,1014
1059,1487
1059,1810
1060,1062
1060,1959
1060,1079
1061,1062
1061,1364
1061,298
1062,1060
1062,1959
1062,1061
1063,1355
1063,1086
1063,371
1064,1128
1064,1932
1064,1605
1065,1067
1065,244
1065,1066
1066,1067
1066,244
1066,1065
1067,244
1067,1065
1067,1602
1068,1946
1068,1076
1068,657
1069,241
1069,563
1069,1178
1070,1749
1070,1890
1070,921
1071,737
1071,741
1071,746
1072,45
1072,1291
1072,1827
1073,1062
1073,1060
1073,1138
1074,313
1074,1364
1074,1308
1075,1510
1075,1342
1075,1179
1076,1068
1076,1946
1076,1925
1077,1330
1077,1331
1077,1327
1078,201
1078,748
1078,1311
1079,1080
1079,1060
1079,1539
1080,1079
1080,1801
1080,1539
1081,43
1081,717
1081,215
1082,1092
1082,1664
1082,1244
1083,1772
1083,1082
1083,675
1084,794
1084,898
1084,1494
1085,585
1085,1983
1085,448
1086,1063
1086,587
1086,1418
1087,1092
1087,798
1087,1621
1088,43
1088,717
1088,215
1089,1375
1089,1115
1089,1224
1090,1250
1090,815
1090,1657
1091,1947
1091,732
1091,772
1092,1082
1092,1087
1092,1088
1093,1099
1093,1103
1093,1123
1094,1095
1094,1169
1094,1158
1095,1094
1095,1097
1095,1168
1096,1098
1096,1097
1096,1095
1097,1096
1097,1095
1097,1098
1098,1096
1098,1097
1098,1099
1099,1103
1099,1093
1099,1123
1100,1101
1100,1102
1100,1104
1101,1100
1101,1103
1101,1099
1102,1104
1102,1100
1102,962
1103,1099
1103,1166
1103,1101
1104,1102
1104,1100
1104,1103
1105,178
1105,35
1105,734
1106,365
1106,963
1106,291
1107,761
1107,1858
1107,230
1108,1166
1108,1110
1108,690
1109,1110
1109,248
1109,1108
1110,1109
1110,1108
1110,253
1111,1804
1111,1216
1111,1785
1112,559
1112,2000
1112,1994
1113,1
1113,1
1113,1
1114,965
1114,1188
1114,1206
1115,782
1115,1814
1115,1328
1116,643
1116,641
1116,645
1117,1144
1117,1150
1117,1187
1118,1120
1118,975
1118,367
1119,1123
1119,1099
1119,43
1120,978
1120,962
1120,157
1121,1124
1121,43
1121,215
1122,1125
1122,1133
1122,978
1123,962
1123,1114
1123,1099
1124,1121
1124,43
1124,215
1125,1122
1125,1133
1125,250
1126,1130
1126,250
1126,1160
1127,1099
1127,1101
1127,1160
1128,1064
1128,997
1128,1510
1129,1130
1129,1132
1129,220
1130,1126
1130,250
1130,255
1131,157
1131,482
1131,1120
1132,1129
1132,1120
1132,1133
1133,1125
1133,1122
1133,1132
1134,382
1134,717
1134,43
1135,1853
1135,1199
1135,1352
1136,675
1136,378
1136,226
1137,1257
1137,1930
1137,910
1138,1459
1138,1772
1138,1475
1139,1170
1139,256
1139,165
1140,12
1140,675
1140,735
1141,43
1141,215
1141,1164
1142,1466
1142,965
1142,1117
1143,1114
1143,43
1143,717
1144,965
1144,1117
1144,1466
1145,1144
1145,1150
1145,1466
1146,1144
1146,965
1146,962
1147,1145
1147,1153
1147,1144
1148,965
1148,1187
1148,1546
1149,1605
1149,283
1149,1932
1150,1117
1150,1144
1150,1153
1151,1144
1151,1150
1151,1117
1152,962
1152,1207
1152,1504
1153,1144
1153,1150
1153,1117
1154,1150
1154,1144
1154,965
1155,43
1155,215
1155,1144
1156,1187
1156,1208
1156,1157
1157,1187
1157,965
1157,1117
1158,1158
1158,1169
1158,1094
1159,1158
1159,1169
1159,1094
1160,250
1160,255
1160,1126
1161,1166
1161,1108
1161,224
1162,1917
1162,1753
1162,501
1163,1157
1163,675
1163,962
1164,962
1164,1114
1164,1191
1165,761
1165,762
1165,764
1166,1103
1166,1108
1166,483
1167,1
1167,1
1167,1
1168,1095
1168,1097
1168,250
1169,1158
1169,1158
1169,1094
1170,256
1170,1139
1170,482
1171,1177
1171,984
1171,1061
1172,607
1172,1994
1172,1751
1173,1044
1173,951
1173,1772
1174,638
1174,483
1174,1772
1175,1202
1175,711
1175,1391
1176,1472
1176,1474
1176,43
1177,1202
1177,1477
1177,1391
1178,563
1178,636
1178,1804
1179,711
1179,1175
1179,935
1180,455
1180,1775
1180,1469
1181,1901
1181,920
1181,677
1182,561
1182,197
1182,607
1183,1901
1183,677
1183,1181
1184,1342
1184,1776
1184,1916
1185,480
1185,451
1185,467
1186,72
1186,1566
1186,1212
1187,965
1187,1208
1187,1157
1188,965
1188,1187
1188,1208
1189,965
1189,1187
1189,1144
1190,208
1190,393
1190,697
1191,965
1191,1188
1191,1157
1192,1153
1192,1117
1192,1144
1193,1194
1193,1195
1193,962
1194,1193
1194,1195
1194,253
1195,1193
1195,1194
1195,148
1196,1090
1196,360
1196,921
1197,1569
1197,386
1197,385
1198,707
1198,1412
1198,537
1199,1853
1199,717
1199,1135
1200,1201
1200,1250
1200,1932
1201,1200
1201,818
1201,1328
1202,1206
1202,1477
1202,1209
1203,1202
1203,1477
1203,1123
1204,597
1204,773
1204,483
1205,1175
1205,1202
1205,258
1206,965
1206,1144
1206,1466
1207,965
1207,1188
1207,1208
1208,1187
1208,965
1208,1157
1209,1187
1209,965
1209,1208
1210,1565
1210,73
1210,268
1211,1186
1211,81
1211,1566
1212,1186
1212,1214
1212,72
1213,1569
1213,268
1213,891
1214,1212
1214,74
1214,57
1215,495
1215,270
1215,276
1216,608
1216,1785
1216,622
1217,1216
1217,808
1217,767
1218,1799
1218,738
1218,860
1219,1811
1219,173
1219,802
1220,136
1220,173
1220,802
1221,1
1221,1
1221,1
1222,644
1222,1399
1222,449
1223,512
1223,155
1223,1372
1224,782
1224,1527
1224,789
1225,1805
1225,1902
1225,1111
1226,913
1226,1929
1226,205
1227,260
1227,1239
1227,1353
1228,712
1228,118
1228,197
1229,1340
1229,1428
1229,1233
1230,1233
1230,178
1230,1105
1231,555
1231,348
1231,1580
1232,75
1232,1233
1232,1996
1233,625
1233,1596
1233,1806
1234,1235
1234,1396
1234,1903
1235,1234
1235,1399
1235,331
1236,1536
1236,1533
1236,1785
1237,1878
1237,1242
1237,400
1238,273
1238,891
1238,895
1239,260
1239,1376
1239,782
1240,277
1240,1516
1240,2002
1241,277
1241,1240
1241,1704
1242,891
1242,129
1242,895
1243,1343
1243,1277
1243,1274
1244,1692
1244,1082
1244,728
1245,1248
1245,1254
1245,1249
1246,1247
1246,1252
1246,1254
1247,1246
1247,1249
1247,1254
1248,1245
1248,1254
1248,1249
1249,1254
1249,1247
1249,1252
1250,815
1250,1090
1250,1005
1251,1247
1251,1252
1251,1246
1252,1254
1252,1249
1252,1247
1253,1249
1253,1254
1253,1252
1254,1252
1254,1249
1254,1247
1255,19
1255,593
1255,1257
1256,1771
1256,1257
1256,1255
1257,1137
1257,1255
1257,1256
1258,1038
1258,1259
1258,232
1259,1258
1259,1038
1259,486
1260,291
1260,290
1260,1038
1261,1993
1261,1995
1261,1033
1262,1
1262,1
1262,1
1263,1
1263,1
1263,1
1264,1
1264,1
1264,1
1265,1
1265,1
1265,1
1266,1
1266,1
1266,1
1267,1353
1267,1307
1267,661
1268,1272
1268,298
1268,1344
1269,1344
1269,704
1269,1270
1270,704
1270,1274
1270,1344
1271,1272
1271,1293
1271,315
1272,315
1272,1268
1272,1271
1273,509
1273,302
1273,1321
1274,1275
1274,1270
1274,1344
1275,1274
1275,1344
1275,510
1276,1292
1276,1291
1276,1307
1277,1826
1277,1828
1277,1321
1278,1
1278,1
1278,1
1279,1
1279,1
1279,1
1280,737
1280,741
1280,746
1281,1314
1281,1454
1281,827
1282,154
1282,587
1282,1814
1283,1
1283,1
1283,1
1284,1299
1284,306
1284,1285
1285,1287
1285,1299
1285,305
1286,1325
1286,1348
1286,1346
1287,1288
1287,1285
1287,312
1288,1287
1288,305
1288,1285
1289,315
1289,1345
1289,1307
1290,1292
1290,1291
1290,1827
1291,1292
1291,303
1291,304
1292,1829
1292,1293
1292,312
1293,312
1293,1349
1293,302
1294,315
1294,1293
1294,1272
1295,312
1295,1349
1295,1829
1296,302
1296,303
1296,1277
1297,1
1297,1
1297,1
1298,312
1298,1273
1298,509
1299,1285
1299,306
1299,1287
1300,1349
1300,1295
1300,302
1301,1
1301,1
1301,1
1302,1
1302,1
1302,1
1303,68
1303,1832
1303,1831
1304,302
1304,1344
1304,1268
1305,1826
1305,304
1305,302
1306,1270
1306,1309
1306,705
1307,1345
1307,315
1307,313
1308,1309
1308,1345
1308,1353
1309,1308
1309,1353
1309,313
1310,1
1310,1
1310,1
1311,1342
1311,877
1311,921
1312,1
1312,1
1312,1
1313,1
1313,1
1313,1
1314,1281
1314,275
1314,827
1315,313
1315,705
1315,1345
1316,1
1316,1
1316,1
1317,173
1317,821
1317,802
1318,1331
1318,1320
1318,1512
1319,1362
1319,1369
1319,815
1320,1513
1320,1512
1320,1836
1321,302
1321,509
1321,1829
1322,1
1322,1
1322,1
1323,1344
1323,509
1323,1829
1324,1344
1324,1275
1324,309
1325,1286
1325,510
1325,705
1326,1327
1326,1330
1326,1331
1327,1326
1327,1077
1327,1330
1328,1329
1328,1330
1328,1396
1329,1330
1329,1328
1329,1910
1330,1329
1330,1910
1330,1000
1331,311
1331,1077
1331,1326
1332,300
1332,1337
1332,316
1333,1369
1333,206
1333,1223
1334,1
1334,1
1334,1
1335,318
1335,1853
1335,1352
1336,1335
1336,318
1336,1352
1337,300
1337,316
1337,1369
1338,1341
1338,986
1338,229
1339,1222
1339,1951
1339,1256
1340,2003
1340,802
1340,2000
1341,1338
1341,1810
1341,1342
1342,1311
1342,1865
1342,877
1343,1274
1343,510
1343,1349
1344,1275
1344,509
1344,510
1345,313
1345,1307
1345,315
1346,1345
1346,315
1346,1272
1347,309
1347,315
1347,510
1348,1345
1348,1346
1348,1272
1349,312
1349,1293
1349,1295
1350,1
1350,1
1350,1
1351,1
1351,1
1351,1
1352,1335
1352,318
1352,1853
1353,1309
1353,1308
1353,1345
1354,1355
1354,1063
1354,1589
1355,1063
1355,1081
1355,1061
1356,1375
1356,948
1356,1976
1357,1358
1357,1360
1357,319
1358,1357
1358,319
1358,1360
1359,1419
1359,966
1359,339
1360,1357
1360,1358
1360,319
1361,1828
1361,1826
1361,1827
1362,1827
1362,1268
1362,1273
1363,1072
1363,1290
1363,45
1364,313
1364,1345
1364,1368
1365,173
1365,898
1365,1366
1366,1365
1366,780
1366,1336
1367,1364
1367,1368
1367,1365
1368,1364
1368,313
1368,310
1369,1372
1369,1337
1369,300
1370,1125
1370,975
1370,1122
1371,300
1371,306
1371,1353
1372,155
1372,512
1372,1223
1373,1080
1373,720
1373,216
1374,1814
1374,1376
1374,1666
1375,1814
1375,1356
1375,707
1376,1814
1376,748
1376,1498
1377,1772
1377,677
1377,1123
1378,1814
1378,664
1378,154
1379,685
1379,305
1379,689
1380,1
1380,1
1380,1
1381,327
1381,328
1381,1764
1382,328
1382,327
1382,1764
1383,997
1383,1764
1383,330
1384,1419
1384,1416
1384,1359
1385,169
1385,555
1385,343
1386,1494
1386,382
1386,264
1387,1764
1387,1814
1387,328
1388,1382
1388,1764
1388,1383
1389,934
1389,1404
1389,1513
1390,1649
1390,648
1390,103
1391,1477
1391,1202
1391,962
1392,1
1392,1
1392,1
1393,1397
1393,1399
1393,1764
1394,1397
1394,999
1394,1005
1395,1820
1395,1907
1395,1814
1396,1397
1396,984
1396,1399
1397,1393
1397,1394
1397,1399
1398,1535
1398,1399
1398,1781
1399,1397
1399,1393
1399,1396
1400,1402
1400,332
1400,1404
1401,1404
1401,1409
1401,1402
1402,1404
1402,1401
1402,1400
1403,1402
1403,1404
1403,1400
1404,1401
1404,1402
1404,1409
1405,1401
1405,1407
1405,1402
1406,1407
1406,1402
1406,1405
1407,1406
1407,1405
1407,1400
1408,1409
1408,675
1408,987
1409,1401
1409,1404
1409,1402
1410,1166
1410,741
1410,934
1411,1120
1411,336
1411,675
1412,1206
1412,1144
1412,1151
1413,334
1413,1420
1413,977
1414,1416
1414,1415
1414,334
1415,1416
1415,1414
1415,334
1416,1414
1416,1418
1416,1415
1417,989
1417,1166
1417,1108
1418,1416
1418,334
1418,335
1419,1359
1419,1416
1419,1384
1420,334
1420,1413
1420,977
1421,657
1421,1458
1421,1946
1422,1788
1422,1411
1422,677
1423,360
1423,1166
1423,794
1424,1166
1424,483
1424,215
1425,1605
1425,348
1425,1553
1426,705
1426,1345
1426,510
1427,349
1427,623
1427,1785
1428,773
1428,350
1428,813
1429,608
1429,561
1429,819
1430,1553
1430,1552
1430,205
1431,494
1431,151
1431,446
1432,340
1432,1440
1432,619
1433,1617
1433,1447
1433,1934
1434,520
1434,148
1434,1445
1435,1426
1435,337
1435,1416
1436,627
1436,157
1436,1594
1437,440
1437,1480
1437,1653
1438,1961
1438,1439
1438,1926
1439,340
1439,1789
1439,1396
1440,340
1440,1432
1440,348
1441,581
1441,653
1441,513
1442,130
1442,860
1442,1592
1443,340
1443,1995
1443,619
1444,1996
1444,350
1444,1428
1445,148
1445,1936
1445,1947
1446,1776
1446,1814
1446,449
1447,1617
1447,1433
1447,1934
1448,1220
1448,1813
1448,1240
1449,1450
1449,836
1449,837
1450,920
1450,1901
1450,1449
1451,1452
1451,1453
1451,341
1452,1453
1452,1451
1452,543
1453,1452
1453,1451
1453,1498
1454,1090
1454,1281
1454,493
1455,1456
1455,1457
1455,1596
1456,625
1456,1526
1456,1596
1457,350
1457,1996
1457,778
1458,245
1458,1713
1458,394
1459,1138
1459,596
1459,1733
1460,1035
1460,1036
1460,1605
1461,1463
1461,1554
1461,1555
1462,1931
1462,1605
1462,76
1463,1555
1463,1554
1463,1557
1464,1188
1464,248
1464,1114
1465,1033
1465,619
1465,1995
1466,965
1466,1144
1466,1187
1467,1470
1467,344
1467,1117
1468,344
1468,1470
1468,1467
1469,1206
1469,43
1469,717
1470,1467
1470,344
1470,1468
1471,1117
1471,344
1471,965
1472,43
1472,1151
1472,1176
1473,253
1473,1117
1473,1157
1474,1206
1474,43
1474,215
1475,43
1475,1469
1475,1206
1476,207
1476,305
1476,676
1477,1202
1477,1391
1477,1478
1478,1202
1478,1477
1478,1479
1479,1478
1479,1932
1479,823
1480,440
1480,624
1480,1437
1481,148
1481,675
1481,249
1482,1987
1482,154
1482,173
1483,1486
1483,1484
1483,1814
1484,1487
1484,354
1484,1483
1485,1486
1485,1487
1485,782
1486,1488
1486,1487
1486,1483
1487,1486
1487,1484
1487,1488
1488,1486
1488,1487
1488,354
1489,1910
1489,1328
1489,565
1490,196
1490,1491
1490,1396
1491,1814
1491,1960
1491,156
1492,148
1492,675
1492,782
1493,955
1493,1664
1493,782
1494,1321
1494,1277
1494,1826
1495,233
1495,234
1495,1742
1496,1707
1496,517
1496,467
1497,256
1497,81
1497,1609
1498,1814
1498,1815
1498,1376
1499,1
1499,1
1499,1
1500,1592
1500,130
1500,860
1501,1267
1501,1446
1501,262
1502,1567
1502,346
1502,687
1503,228
1503,977
1503,741
1504,775
1504,1152
1504,716
1505,312
1505,302
1505,1273
1506,773
1506,1996
1506,836
1507,1702
1507,1742
1507,910
1508,1897
1508,1976
1508,151
1509,1760
1509,675
1509,1772
1510,1075
1510,1881
1510,937
1511,589
1511,1513
1511,1995
1512,1320
1512,1513
1512,1331
1513,1320
1513,1936
1513,1440
1514,974
1514,556
1514,1342
1515,974
1515,1514
1515,1519
1516,1518
1516,1240
1516,1903
1517,1518
1517,1531
1517,1342
1518,609
1518,1531
1518,1523
1519,1518
1519,157
1519,1522
1520,1813
1520,1518
1520,1812
1521,1267
1521,622
1521,661
1522,1519
1522,1518
1522,675
1523,1518
1523,395
1523,1596
1524,1518
1524,540
1524,609
1525,35
1525,520
1525,178
1526,1456
1526,1806
1526,625
1527,659
1527,1224
1527,1115
1528,266
1528,165
1528,559
1529,1069
1529,271
1529,1657
1530,953
1530,1522
1530,675
1531,1518
1531,609
1531,1516
1532,1785
1532,1533
1532,938
1533,1785
1533,362
1533,964
1534,1538
1534,936
1534,1785
1535,362
1535,1533
1535,1398
1536,1236
1536,936
1536,482
1537,1538
1537,936
1537,1785
1538,936
1538,1537
1538,1534
1539,1080
1539,1480
1539,1255
1540,442
1540,1978
1540,1987
1541,723
1541,268
1541,897
1542,1544
1542,51
1542,95
1543,1676
1543,1677
1543,1672
1544,1545
1544,381
1544,1013
1545,1544
1545,1667
1545,1015
1546,1549
1546,1148
1546,985
1547,1549
1547,1546
1547,985
1548,1775
1548,800
1548,1469
1549,1546
1549,985
1549,1547
1550,983
1550,1010
1550,221
1551,1010
1551,980
1551,227
1552,1553
1552,1430
1552,677
1553,1430
1553,1552
1553,1463
1554,1555
1554,1463
1554,1557
1555,1463
1555,1554
1555,1557
1556,1554
1556,1555
1556,1463
1557,1554
1557,1463
1557,1555
1558,1561
1558,1560
1558,1559
1559,376
1559,962
1559,367
1560,1561
1560,74
1560,970
1561,1560
1561,1558
1561,1557
1562,1947
1562,1212
1562,1044
1563,75
1563,1593
1563,1994
1564,374
1564,1566
1564,382
1565,73
1565,72
1565,268
1566,385
1566,383
1566,384
1567,14
1567,1565
1567,1502
1568,74
1568,72
1568,57
1569,386
1569,1213
1569,385
1570,386
1570,59
1570,1569
1571,1428
1571,625
1571,627
1572,142
1572,633
1572,394
1573,30
1573,1876
1573,1723
1574,1587
1574,52
1574,752
1575,39
1575,396
1575,1894
1576,1578
1576,1894
1576,127
1577,1792
1577,525
1577,486
1578,1576
1578,1876
1578,54
1579,112
1579,113
1579,1650
1580,619
1580,1995
1580,1457
1581,461
1581,1041
1581,1741
1582,52
1582,1587
1582,51
1583,1742
1583,127
1583,39
1584,54
1584,1876
1584,1573
1585,1878
1585,1080
1585,1801
1586,18
1586,855
1586,40
1587,1582
1587,52
1587,51
1588,1782
1588,1582
1588,986
1589,1591
1589,1592
1589,1442
1590,1591
1590,18
1590,54
1591,1582
1591,1578
1591,1590
1592,130
1592,1582
1592,860
1593,214
1593,901
1593,814
1594,1596
1594,627
1594,1115
1595,688
1595,607
1595,1242
1596,625
1596,616
1596,694
1597,1544
1597,219
1597,993
1598,430
1598,425
1598,399
1599,457
1599,399
1599,287
1600,927
1600,930
1600,1730
1601,929
1601,208
1601,229
1602,244
1602,1067
1602,1065
1603,208
1603,861
1603,847
1604,452
1604,1708
1604,457
1605,1931
1605,1596
1605,1064
1606,1608
1606,1607
1606,1770
1607,1608
1607,1606
1607,1770
1608,1607
1608,1606
1608,1770
1609,409
1609,1497
1609,1375
1610,251
1610,1164
1610,962
1611,1174
1611,1375
1611,908
1612,1614
1612,1998
1612,1996
1613,43
1613,717
1613,215
1614,950
1614,1998
1614,1756
1615,850
1615,1622
1615,1618
1616,159
1616,798
1616,1620
1617,1447
1617,1433
1617,1934
1618,1619
1618,686
1618,1897
1619,1618
1619,502
1619,1942
1620,798
1620,1616
1620,1617
1621,798
1621,1087
1621,1620
1622,1615
1622,1638
1622,431
1623,388
1623,1458
1623,1759
1624,78
1624,1701
1624,871
1625,1374
1625,1812
1625,1791
1626,418
1626,1632
1626,1635
1627,1629
1627,416
1627,1639
1628,467
1628,1042
1628,112
1629,1627
1629,1639
1629,416
1630,1841
1630,1640
1630,1642
1631,1630
1631,1640
1631,1841
1632,1635
1632,1633
1632,1634
1633,1632
1633,1635
1633,418
1634,1635
1634,1632
1634,1633
1635,1632
1635,1634
1635,418
1636,1683
1636,1645
1636,114
1637,484
1637,425
1637,1671
1638,413
1638,418
1638,415
1639,1629
1639,1643
1639,1642
1640,1841
1640,1630
1640,1642
1641,1640
1641,1626
1641,415
1642,1643
1642,1640
1642,1841
1643,1642
1643,1640
1643,412
1644,114
1644,1683
1644,1645
1645,1683
1645,1636
1645,114
1646,92
1646,110
1646,1635
1647,1815
1647,994
1647,1814
1648,467
1648,1697
1648,1604
1649,1650
1649,457
1649,451
1650,1649
1650,457
1650,433
1651,467
1651,480
1651,1671
1652,493
1652,506
1652,508
1653,440
1653,284
1653,1437
1654,104
1654,1650
1654,460
1655,506
1655,712
1655,209
1656,424
1656,1668
1656,425
1657,1090
1657,1482
1657,709
1658,1580
1658,348
1658,1457
1659,2
1659,31
1659,1519
1660,1814
1660,154
1660,877
1661,1213
1661,302
1661,304
1662,1665
1662,1311
1662,588
1663,677
1663,921
1663,689
1664,1082
1664,1493
1664,1375
1665,1662
1665,1814
1665,1342
1666,1814
1666,1374
1666,1667
1667,1814
1667,1545
1667,994
1668,1638
1668,237
1668,232
1669,467
1669,867
1669,1671
1670,1674
1670,487
1670,430
1671,1678
1671,1675
1671,467
1672,1676
1672,1677
1672,1673
1673,1676
1673,1677
1673,1672
1674,112
1674,869
1674,487
1675,1671
1675,1678
1675,467
1676,1677
1676,1672
1676,1673
1677,1676
1677,1672
1677,1673
1678,1671
1678,1675
1678,467
1679,1680
1679,430
1679,1599
1680,430
1680,287
1680,27
1681,1496
1681,525
1681,517
1682,467
1682,1732
1682,517
1683,114
1683,1885
1683,1636
1684,1260
1684,1852
1684,1038
1685,467
1685,1042
1685,1682
1686,1732
1686,530
1686,1697
1687,288
1687,1258
1687,1038
1688,433
1688,1691
1688,1690
1689,1844
1689,467
1689,1739
1690,1691
1690,1688
1690,436
1691,1688
1691,1690
1691,433
1692,467
1692,236
1692,1844
1693,232
1693,867
1693,290
1694,1038
1694,531
1694,489
1695,867
1695,474
1695,525
1696,1697
1696,1496
1696,232
1697,112
1697,467
1697,457
1698,195
1698,113
1698,466
1699,1697
1699,435
1699,467
1700,1038
1700,1258
1700,928
1701,1761
1701,1185
1701,480
1702,1507
1702,1742
1702,910
1703,730
1703,190
1703,545
1704,1957
1704,441
1704,1241
1705,877
1705,585
1705,1814
1706,1
1706,1
1706,1
1707,1496
1707,292
1707,517
1708,452
1708,1847
1708,1604
1709,1
1709,239
1709,868
1710,1847
1710,292
1710,1671
1711,869
1711,30
1711,872
1712,918
1712,202
1712,989
1713,1458
1713,907
1713,79
1714,30
1714,1711
1714,1723
1715,527
1715,1718
1715,531
1716,1038
1716,1671
1716,525
1717,1038
1717,464
1717,525
1718,527
1718,1715
1718,486
1719,829
1719,43
1719,717
1720,437
1720,95
1720,480
1721,112
1721,1650
1721,457
1722,133
1722,1737
1722,461
1723,30
1723,1674
1723,869
1724,1584
1724,1722
1724,5
1725,922
1725,1002
1725,1099
1726,1876
1726,1648
1726,30
1727,30
1727,869
1727,1674
1728,472
1728,1873
1728,1671
1729,125
1729,1735
1729,39
1730,927
1730,40
1730,861
1731,41
1731,40
1731,421
1732,517
1732,1682
1732,399
1733,548
1733,626
1733,567
1734,576
1734,785
1734,569
1735,1578
1735,125
1735,1729
1736,97
1736,423
1736,486
1737,60
1737,98
1737,461
1738,155
1738,818
1738,513
1739,1649
1739,457
1739,1844
1740,795
1740,1866
1740,1568
1741,1258
1741,928
1741,415
1742,22
1742,22
1742,461
1743,106
1743,104
1743,460
1744,466
1744,457
1744,106
1745,467
1745,30
1745,292
1746,815
1746,1005
1746,1250
1747,1966
1747,185
1747,950
1748,39
1748,516
1748,116
1749,1070
1749,198
1749,1890
1750,1754
1750,505
1750,1758
1751,1995
1751,1996
1751,1994
1752,675
1752,913
1752,933
1753,1169
1753,1158
1753,1158
1754,1750
1754,1758
1754,967
1755,1994
1755,1996
1755,1457
1756,619
1756,1614
1756,1580
1757,1224
1757,1527
1757,1149
1758,208
1758,425
1758,37
1759,462
1759,208
1759,1693
1760,76
1760,1584
1760,1509
1761,1708
1761,1847
1761,236
1762,1799
1762,789
1762,673
1763,580
1763,1014
1763,1814
1764,330
1764,1393
1764,1397
1765,113
1765,112
1765,457
1766,847
1766,745
1766,595
1767,263
1767,268
1767,1513
1768,278
1768,1024
1768,485
1769,1770
1769,1608
1769,1606
1770,1769
1770,1606
1770,1608
1771,1772
1771,659
1771,1256
1772,675
1772,1377
1772,1174
1773,789
1773,1224
1773,799
1774,571
1774,348
1774,1200
1775,2
1775,1548
1775,1469
1776,1917
1776,653
1776,654
1777,543
1777,1526
1777,1457
1778,352
1778,622
1778,1997
1779,147
1779,1615
1779,1942
1780,1783
1780,516
1780,1574
1781,83
1781,569
1781,119
1782,1783
1782,1588
1782,1582
1783,1780
1783,1782
1783,935
1784,735
1784,483
1784,1526
1785,482
1785,964
1785,1533
1786,934
1786,1489
1786,985
1787,1873
1787,467
1787,1577
1788,1790
1788,1789
1788,1837
1789,1788
1789,1790
1789,1439
1790,1048
1790,1788
1790,1789
1791,1997
1791,1216
1791,622
1792,1577
1792,525
1792,486
1793,404
1793,490
1793,79
1794,1037
1794,467
1794,526
1795,457
1795,399
1795,1682
1796,648
1796,633
1796,1390
1797,578
1797,1943
1797,502
1798,627
1798,718
1798,593
1799,1226
1799,1929
1799,913
1800,937
1800,1485
1800,400
1801,1080
1801,1250
1801,1005
1802,1803
1802,1250
1802,657
1803,1802
1803,1250
1803,771
1804,1178
1804,1111
1804,636
1805,712
1805,1932
1805,197
1806,1456
1806,1526
1806,625
1807,1120
1807,1890
1807,883
1808,2003
1808,802
1808,173
1809,1811
1809,665
1809,566
1810,1477
1810,675
1810,997
1811,1809
1811,1910
1811,1219
1812,705
1812,1115
1812,1814
1813,1219
1813,2003
1813,1811
1814,1498
1814,1376
1814,914
1815,993
1815,1814
1815,1816
1816,581
1816,1815
1816,1814
1817,51
1817,754
1817,1814
1818,1814
1818,665
1818,1498
1819,1090
1819,921
1819,736
1820,1395
1820,739
1820,737
1821,1814
1821,147
1821,1907
1822,1
1822,1
1822,1
1823,1825
1823,1824
1823,510
1824,1823
1824,1825
1824,1275
1825,1823
1825,1824
1825,1275
1826,1828
1826,1277
1826,1829
1827,1826
1827,1828
1827,1277
1828,1826
1828,1277
1828,1827
1829,312
1829,302
1829,1292
1830,1
1830,1
1830,1
1831,1832
1831,302
1831,1344
1832,1831
1832,704
1832,1344
1833,1829
1833,1273
1833,312
1834,1
1834,1
1834,1
1835,87
1835,700
1835,233
1836,1936
1836,1513
1836,1320
1837,1788
1837,5
1837,557
1838,40
1838,847
1838,861
1839,1488
1839,1945
1839,339
1840,1642
1840,1643
1840,412
1841,1630
1841,1640
1841,1642
1842,1843
1842,1639
1842,414
1843,1842
1843,414
1843,1639
1844,467
1844,236
1844,451
1845,480
1845,1185
1845,195
1846,4
1846,1847
1846,429
1847,292
1847,1708
1847,467
1848,425
1848,1651
1848,1732
1849,28
1849,1051
1849,1876
1850,459
1850,460
1850,457
1851,1852
1851,1847
1851,517
1852,467
1852,1895
1852,1847
1853,1199
1853,1335
1853,1135
1854,992
1854,991
1854,214
1855,1814
1855,1399
1855,1978
1856,608
1856,559
1856,819
1857,675
1857,492
1857,918
1858,761
1858,1107
1858,768
1859,1860
1859,619
1859,1995
1860,1859
1860,1994
1860,1936
1861,1925
1861,1887
1861,1076
1862,1887
1862,1861
1862,1781
1863,718
1863,748
1863,1804
1864,717
1864,43
1864,829
1865,829
1865,1342
1865,908
1866,1869
1866,884
1866,1311
1867,350
1867,1457
1867,1428
1868,1869
1868,1527
1868,1115
1869,1868
1869,1866
1869,1897
1870,1307
1870,1311
1870,802
1871,677
1871,576
1871,569
1872,1038
1872,1258
1872,464
1873,467
1873,1671
1873,288
1874,288
1874,290
1874,1873
1875,125
1875,1578
1875,1876
1876,30
1876,28
1876,869
1877,467
1877,1678
1877,451
1878,1237
1878,1246
1878,1585
1879,461
1879,39
1879,1584
1880,1
1880,1
1880,1
1881,1510
1881,218
1881,1075
1882,390
1882,1697
1882,1039
1883,52
1883,1582
1883,1587
1884,523
1884,526
1884,131
1885,1683
1885,114
1885,1645
1886,1634
1886,1635
1886,1632
1887,1861
1887,1862
1887,1781
1888,1185
1888,1876
1888,30
1889,112
1889,1042
1889,1628
1890,393
1890,1070
1890,1749
1891,1847
1891,117
1891,1671
1892,1041
1892,928
1892,1718
1893,192
1893,1715
1893,1892
1894,1576
1894,1578
1894,1575
1895,467
1895,1678
1895,1671
1896,195
1896,532
1896,1185
1897,1967
1897,1618
1897,533
1898,62
1898,677
1898,355
1899,653
1899,665
1899,727
1900,1901
1900,1356
1900,677
1901,677
1901,1181
1901,172
1902,1027
1902,1025
1902,1026
1903,898
1903,513
1903,1516
1904,262
1904,58
1904,1618
1905,1396
1905,1399
1905,1903
1906,650
1906,542
1906,652
1907,1395
1907,1820
1907,1814
1908,1115
1908,748
1908,1374
1909,654
1909,652
1909,650
1910,1330
1910,1329
1910,1811
1911,712
1911,614
1911,1356
1912,1
1912,1
1912,1
1913,1981
1913,1393
1913,383
1914,538
1914,653
1914,631
1915,126
1915,1918
1915,109
1916,712
1916,1342
1916,1970
1917,1776
1917,653
1917,654
1918,1915
1918,126
1918,708
1919,144
1919,2003
1919,802
1920,778
1920,1233
1920,1801
1921,1982
1921,556
1921,802
1922,1944
1922,1941
1922,816
1923,181
1923,1014
1923,955
1924,731
1924,1951
1924,860
1925,1861
1925,1076
1925,1901
1926,732
1926,629
1926,1090
1927,439
1927,1995
1927,1932
1928,1980
1928,878
1928,1365
1929,1930
1929,913
1929,200
1930,200
1930,910
1930,1929
1931,1605
1931,1462
1931,1935
1932,815
1932,1250
1932,814
1933,1994
1933,1033
1933,439
1934,1617
1934,1447
1934,1433
1935,1605
1935,1931
1935,638
1936,1445
1936,149
1936,814
1937,627
1937,1032
1937,718
1938,1944
1938,896
1938,1943
1939,860
1939,1724
1939,348
1940,1942
1940,638
1940,887
1941,816
1941,611
1941,628
1942,887
1942,1940
1942,685
1943,1945
1943,1947
1943,550
1944,803
1944,1938
1944,1922
1945,1943
1945,1947
1945,896
1946,1068
1946,657
1946,1076
1947,1945
1947,1943
1947,550
1948,770
1948,848
1948,771
1949,682
1949,799
1949,343
1950,561
1950,1555
1950,155
1951,1924
1951,627
1951,625
1952,1953
1952,1820
1952,1580
1953,610
1953,745
1953,1608
1954,593
1954,627
1954,119
1955,1255
1955,119
1955,1958
1956,183
1956,1955
1956,1842
1957,441
1957,1704
1957,967
1958,1955
1958,1956
1958,990
1959,1062
1959,1060
1959,1958
1960,557
1960,1966
1960,1978
1961,1023
1961,1438
1961,1024
1962,557
1962,877
1962,1972
1963,538
1963,631
1963,572
1964,904
1964,554
1964,744
1965,1814
1965,1498
1965,914
1966,1960
1966,1978
1966,513
1967,1897
1967,663
1967,1976
1968,1964
1968,904
1968,1972
1969,203
1969,1814
1969,898
1970,1972
1970,144
1970,877
1971,1976
1971,556
1971,173
1972,1970
1972,877
1972,1356
1973,710
1973,976
1973,1489
1974,1814
1974,883
1974,748
1975,157
1975,1916
1975,679
1976,556
1976,1987
1976,1919
1977,494
1977,1971
1977,750
1978,449
1978,1966
1978,581
1979,1184
1979,681
1979,1965
1980,1928
1980,878
1980,626
1981,659
1981,135
1981,1913
1982,2003
1982,1987
1982,2000
1983,1085
1983,1978
1983,449
1984,1987
1984,563
1984,2003
1985,1990
1985,1399
1985,877
1986,1987
1986,1999
1986,2003
1987,2000
1987,1999
1987,1986
1988,2000
1988,1989
1988,562
1989,2000
1989,562
1989,1999
1990,1985
1990,173
1990,1987
1991,831
1991,1151
1991,343
1992,1013
1992,1545
1992,1667
1993,819
1993,352
1993,1033
1994,619
1994,1751
1994,1996
1995,619
1995,1033
1995,1580
1996,778
1996,1457
1996,619
1997,819
1997,352
1997,1993
1998,619
1998,1580
1998,819
1999,1987
1999,562
1999,2000
2000,562
2000,1989
2000,1987
2001,2003
2001,1987
2001,2000
2002,2003
2002,1987
2002,559
2003,2002
2003,802
2003,1987
2004,758
2004,1751
2004,1034
